{
  "graph":{
    "node_space":null,
    "pipe_layout":0,
    "graph_rect":[
      -189.37827477773328,
      -178.2383762613963,
      1228.7565495554666,
      1156.4767525227926
    ],
    "grid_mode":0
  },
  "nodes":{
    "0x1f3b9e63e20":{
      "type_":"com.chantasticvfx.GStage",
      "icon":null,
      "name":"GStage 1",
      "color":[
        25,
        58,
        51,
        255
      ],
      "border_color":[
        74,
        84,
        85,
        255
      ],
      "text_color":[
        255,
        255,
        255,
        180
      ],
      "disabled":false,
      "selected":false,
      "visible":true,
      "dynamic_port":false,
      "width":199.0,
      "height":96.0,
      "pos":[
        283.77609563870305,
        -14.946429714119244
      ],
      "custom":{
        "condition":""
      }
    },
    "0x1f3b9e61c30":{
      "type_":"com.chantasticvfx.GStage",
      "icon":null,
      "name":"GStage 2",
      "color":[
        25,
        58,
        51,
        255
      ],
      "border_color":[
        74,
        84,
        85,
        255
      ],
      "text_color":[
        255,
        255,
        255,
        180
      ],
      "disabled":false,
      "selected":false,
      "visible":true,
      "dynamic_port":false,
      "width":199.0,
      "height":96.0,
      "pos":[
        272.0893513290075,
        309.01156680455847
      ],
      "custom":{
        "condition":""
      }
    },
    "0x1f3b9e636d0":{
      "type_":"com.chantasticvfx.GStage",
      "icon":null,
      "name":"GStage 3",
      "color":[
        25,
        58,
        51,
        255
      ],
      "border_color":[
        74,
        84,
        85,
        255
      ],
      "text_color":[
        255,
        255,
        255,
        180
      ],
      "disabled":false,
      "selected":false,
      "visible":true,
      "dynamic_port":false,
      "width":199.0,
      "height":96.0,
      "pos":[
        260.30983529520347,
        683.5660706083911
      ],
      "custom":{
        "condition":""
      }
    },
    "0x1f3b9e63340":{
      "type_":"com.chantasticvfx.GIdle",
      "icon":null,
      "name":"GIdle",
      "color":[
        25,
        58,
        51,
        255
      ],
      "border_color":[
        74,
        84,
        85,
        255
      ],
      "text_color":[
        255,
        255,
        255,
        180
      ],
      "disabled":false,
      "selected":false,
      "visible":true,
      "dynamic_port":false,
      "width":199.0,
      "height":96.0,
      "pos":[
        816.4456490030802,
        -141.09929249067403
      ],
      "custom":{
        "Time":""
      }
    },
    "0x1f3b9e617e0":{
      "type_":"com.chantasticvfx.GSelector",
      "icon":null,
      "name":"GSelector",
      "color":[
        25,
        58,
        51,
        255
      ],
      "border_color":[
        74,
        84,
        85,
        255
      ],
      "text_color":[
        255,
        255,
        255,
        180
      ],
      "disabled":false,
      "selected":false,
      "visible":true,
      "dynamic_port":false,
      "width":170,
      "height":80,
      "pos":[
        -21.66866179373538,
        305.9260782398835
      ]
    },
    "0x1f3b9e62200":{
      "type_":"com.chantasticvfx.GRandomor",
      "icon":null,
      "name":"GRandomor",
      "color":[
        25,
        58,
        51,
        255
      ],
      "border_color":[
        74,
        84,
        85,
        255
      ],
      "text_color":[
        255,
        255,
        255,
        180
      ],
      "disabled":false,
      "selected":false,
      "visible":true,
      "dynamic_port":false,
      "width":170,
      "height":80,
      "pos":[
        546.2475696572878,
        -11.054586992516416
      ]
    },
    "0x1f3b9e61960":{
      "type_":"com.chantasticvfx.GRandomTarget",
      "icon":null,
      "name":"GRandomTarget",
      "color":[
        25,
        58,
        51,
        255
      ],
      "border_color":[
        74,
        84,
        85,
        255
      ],
      "text_color":[
        255,
        255,
        255,
        180
      ],
      "disabled":false,
      "selected":false,
      "visible":true,
      "dynamic_port":false,
      "width":199.0,
      "height":96.0,
      "pos":[
        807.3335544068839,
        -31.653157393356757
      ],
      "custom":{
        "radius":""
      }
    },
    "0x1f3b9e03160":{
      "type_":"com.chantasticvfx.GRandomor",
      "icon":null,
      "name":"GRandomor 1",
      "color":[
        25,
        58,
        51,
        255
      ],
      "border_color":[
        74,
        84,
        85,
        255
      ],
      "text_color":[
        255,
        255,
        255,
        180
      ],
      "disabled":false,
      "selected":false,
      "visible":true,
      "dynamic_port":false,
      "width":170,
      "height":80,
      "pos":[
        548.8241338809628,
        306.66771717535437
      ]
    },
    "0x1f3b9e03a90":{
      "type_":"com.chantasticvfx.GRandomor",
      "icon":null,
      "name":"GRandomor 2",
      "color":[
        25,
        58,
        51,
        255
      ],
      "border_color":[
        74,
        84,
        85,
        255
      ],
      "text_color":[
        255,
        255,
        255,
        180
      ],
      "disabled":false,
      "selected":false,
      "visible":true,
      "dynamic_port":false,
      "width":170,
      "height":80,
      "pos":[
        536.970267122486,
        707.3120065643609
      ]
    },
    "0x1f3b9e02aa0":{
      "type_":"com.chantasticvfx.GIdle",
      "icon":null,
      "name":"GIdle 1",
      "color":[
        25,
        58,
        51,
        255
      ],
      "border_color":[
        74,
        84,
        85,
        255
      ],
      "text_color":[
        255,
        255,
        255,
        180
      ],
      "disabled":false,
      "selected":false,
      "visible":true,
      "dynamic_port":false,
      "width":199.0,
      "height":96.0,
      "pos":[
        787.4643554557971,
        232.68826484370913
      ],
      "custom":{
        "Time":""
      }
    },
    "0x1f3b9e036d0":{
      "type_":"com.chantasticvfx.GRandomTarget",
      "icon":null,
      "name":"GRandomTarget 1",
      "color":[
        25,
        58,
        51,
        255
      ],
      "border_color":[
        74,
        84,
        85,
        255
      ],
      "text_color":[
        255,
        255,
        255,
        180
      ],
      "disabled":false,
      "selected":false,
      "visible":true,
      "dynamic_port":false,
      "width":199.0,
      "height":96.0,
      "pos":[
        778.3522608596005,
        342.13439994102635
      ],
      "custom":{
        "radius":""
      }
    },
    "0x1f3b9e02ad0":{
      "type_":"com.chantasticvfx.GRandomTarget",
      "icon":null,
      "name":"GRandomTarget 2",
      "color":[
        25,
        58,
        51,
        255
      ],
      "border_color":[
        74,
        84,
        85,
        255
      ],
      "text_color":[
        255,
        255,
        255,
        180
      ],
      "disabled":false,
      "selected":false,
      "visible":true,
      "dynamic_port":false,
      "width":199.0,
      "height":96.0,
      "pos":[
        806.4636525490696,
        737.9973535126421
      ],
      "custom":{
        "radius":""
      }
    },
    "0x1f3b9e03880":{
      "type_":"com.chantasticvfx.GIdle",
      "icon":null,
      "name":"GIdle 2",